site,seed,run,test_auc,test_auc_ci_lo,test_auc_ci_hi,f1_gain,f1_gain_ci_lo,f1_gain_ci_hi,f1_gain_share_le_0,gain_ci_excludes_0,cv_f1,train_f1,test_f1,always_yes_test_f1,train_auc,auc_gap_train_minus_test,f1_gap_train_minus_test,overfitting,n_columns,n_drivers,events_per_column,train_positives,test_positives,compact_test_auc,compact_test_f1,trend_only_test_auc,trend_only_test_f1,test_auc_minus_trend_only,final_fit_converged,converged_refit_test_auc,test_boot_reps,test_boot_years,n_hw_years_test,n_test_years,n_hw_days_test_target,trend_only_test_auc_best_sign,test_auc_minus_trend_best_sign,beats_trend_only,clearly_beats_trend_only
Murcia,42,seed42_20261005T051613Z_b7504266,0.6200956034970754,0.5246455111177812,0.7357021081400514,0.02326126358780123,-0.10115411819460889,0.16222413931868085,0.4265,False,0.26960985496685796,0.5169628432956381,0.19858156028368795,0.17532029669588672,0.9913652568184964,0.37126965332142103,0.3183812830119502,True,523,37,0.30592734225621415,160,130,0.607780363544877,0.2047872340425532,0.5667714950625825,0.17532029669588672,0.05332410843449287,False,0.6197496697905528,2000,11,11,11,130,0.5667714950625825,0.05332410843449287,True,True
Murcia,43,seed43_20261005T150247Z_08eabc7b,0.6301339706899806,0.5445565715903163,0.6983931204449458,-0.017839981735256805,-0.11600236776486769,0.06581711235217348,0.67,False,0.24770965468639888,0.6118546845124283,0.15748031496062992,0.17532029669588672,0.9957479579122249,0.36561398722224436,0.4543743695517984,True,592,47,0.2702702702702703,160,130,0.5053147996729355,0.1575,0.5667714950625825,0.17532029669588672,0.06336247562739805,False,0.6297502987609284,2000,11,11,11,130,0.5667714950625825,0.06336247562739805,True,True
Murcia,44,seed44_20261005T164421Z_3487131c,0.7078181017674068,0.653819579093646,0.765725311724065,0.09099824116312111,0.029292649782069632,0.15075118334150855,0.003,True,0.25905504501995724,0.380499405469679,0.26631853785900783,0.17532029669588672,0.9776625017305829,0.2698443999631761,0.11418086761067114,True,407,30,0.3931203931203931,160,130,0.5139694320397509,0.19562955254942768,0.5667714950625825,0.17532029669588672,0.14104660670482427,False,0.709786779042707,2000,11,11,11,130,0.5667714950625825,0.14104660670482427,True,True
Monaco,42,seed42_20261005T134656Z_52c53495,0.8405542681927768,0.7506702049395493,0.9076201294582895,0.22381865379001273,0.13182175425940032,0.307958128688219,0.0,True,0.4730914804563089,0.5471380471380471,0.412573673870334,0.18875502008032127,0.9784407389629113,0.1378864707701345,0.13456437326771314,True,365,30,0.9013698630136986,329,141,0.6477131755728764,0.23470661672908863,0.545443906092737,0.18875502008032127,0.2951103621000398,False,0.8401914659551061,2000,11,10,11,141,0.545443906092737,0.2951103621000398,True,True
Monaco,43,seed43_20261005T150517Z_621d9512,0.8667755073379677,0.8046351497602544,0.9165605583970022,0.2387542735999761,0.1460252909653451,0.3256287896592245,0.0,True,0.3833975524612011,0.49884881043745205,0.4275092936802974,0.18875502008032127,0.9709091739537722,0.10413366661580448,0.07133951675715466,True,321,31,1.0249221183800623,329,141,0.675514359946633,0.23161764705882354,0.545443906092737,0.18875502008032127,0.32133160124523075,False,0.8665355897291857,2000,11,10,11,141,0.545443906092737,0.32133160124523075,True,True
Monaco,44,seed44_20261005T164641Z_882627c6,0.8840905367132459,0.8162671567416365,0.9325819054765985,0.28685473601723965,0.18366174055829226,0.3739662848894102,0.0,True,0.4521256350990286,0.6076421248835042,0.47560975609756095,0.18875502008032127,0.9849881461551919,0.10089760944194603,0.13203236878594327,True,384,31,0.8567708333333334,329,141,0.760813847342181,0.3087071240105541,0.545443906092737,0.18875502008032127,0.3386466306205089,False,0.8852433115651991,2000,11,10,11,141,0.545443906092737,0.3386466306205089,True,True
Cerdenia,42,seed42_20261005T134656Z_232e101c,0.7593635595606871,0.6978528783554228,0.8086574668696735,0.13495759813320024,0.08045462948329186,0.18701895540348054,0.0,True,0.3423898554030641,0.6890982503364738,0.3151862464183381,0.18022864828513785,0.9942839509962116,0.23492039143552446,0.37391200391813567,True,483,38,0.5300207039337475,256,134,0.7154200286508393,0.2629757785467128,0.563197139813647,0.18022864828513785,0.19616641974704008,False,0.7576126749354132,2000,11,10,11,134,0.563197139813647,0.19616641974704008,True,True
Cerdenia,43,seed43_20261005T151258Z_cbcc216e,0.8214709879641988,0.7633571006959072,0.8584935450735013,0.23307301442270062,0.17406298359056968,0.2690737098008348,0.0,True,0.38793105554607704,0.5960419091967404,0.41330166270783847,0.18022864828513785,0.9891653220148731,0.16769433405067424,0.18274024648890191,True,356,27,0.7191011235955056,256,134,0.7102898142593024,0.2516703786191537,0.563197139813647,0.18022864828513785,0.25827384815055177,False,0.8209567421302021,2000,11,10,11,134,0.563197139813647,0.25827384815055177,True,True
Cerdenia,44,seed44_20261005T165151Z_b6acf20a,0.8163530175210902,0.7409545984841489,0.8623321382416003,0.22717875912226954,0.09215438540889992,0.2990256730045582,0.0015,True,0.39458414134884723,0.7091412742382271,0.4074074074074074,0.18022864828513785,0.9952217360039287,0.17886871848283847,0.30173386683081976,True,401,31,0.6384039900249376,256,134,0.7346736375546387,0.25692695214105793,0.563197139813647,0.18022864828513785,0.2531558777074432,False,0.8171917279884416,2000,11,10,11,134,0.563197139813647,0.2531558777074432,True,True
Croacia,42,seed42_20261005T141216Z_7571aed5,0.8565466301833936,0.8186318895761874,0.8940757781321653,0.2493132792933509,0.18669698287492165,0.31403633480145715,0.0,True,0.47679515499993796,0.6135371179039302,0.5246478873239436,0.27533460803059273,0.9872453351319012,0.13069870494850755,0.08888923057998654,True,303,26,0.9273927392739274,281,216,0.7249055343822275,0.35294117647058826,0.5065555881299065,0.27533460803059273,0.3499910420534871,False,0.855882927782664,2000,11,11,11,216,0.5065555881299065,0.3499910420534871,True,True
Croacia,43,seed43_20261005T153229Z_4c1d8e77,0.8383457115866967,0.7742781097594045,0.8955792161317357,0.22771417245721215,0.15915487880331972,0.30311247226161947,0.0,True,0.4658885349207062,0.5490196078431373,0.5030487804878049,0.27533460803059273,0.981947844875535,0.1436021332888383,0.04597082735533242,True,292,27,0.9623287671232876,281,216,0.763408417212287,0.3848396501457726,0.5065555881299065,0.27533460803059273,0.33179012345679015,False,0.8390175575751653,2000,11,11,11,216,0.5065555881299065,0.33179012345679015,True,True
Croacia,44,seed44_20261005T171253Z_f8cf7da4,0.856790937815564,0.819981186177762,0.8950007504957483,0.27948266771691554,0.22136598062709922,0.34999847245361965,0.0,True,0.474928115632669,0.5398058252427185,0.5548172757475083,0.27533460803059273,0.9817764731703064,0.12498553535474233,-0.015011450504789803,True,287,24,0.9790940766550522,281,216,0.732584937620118,0.35988200589970504,0.5065555881299065,0.27533460803059273,0.3502353496856575,False,0.8555368253037559,2000,11,11,11,216,0.5065555881299065,0.3502353496856575,True,True
Albania,42,seed42_20261005T134656Z_e5700905,0.8753680701615143,0.8179353621878362,0.9177547663875311,0.2879141670512229,0.20174537672805104,0.3626618193495704,0.0,True,0.4784086927352214,0.564822460776218,0.5709090909090909,0.282994923857868,0.9813241247565014,0.10595605459498714,-0.006086630132872917,True,344,26,1.0087209302325582,347,223,0.8161038136433986,0.4183142559833507,0.5548394777570538,0.282994923857868,0.3205285924044605,False,0.874792650502004,2000,11,11,11,223,0.5548394777570538,0.3205285924044605,True,True
Albania,43,seed43_20261005T153208Z_6c33f1b9,0.8683995396642723,0.8380053727948074,0.903114648010496,0.24791416705122288,0.1886867353401249,0.30843992799466263,0.0,True,0.4753736312899175,0.588034188034188,0.5309090909090909,0.282994923857868,0.9831467807389908,0.11474724107471845,0.05712509712509717,True,311,30,1.1157556270096463,347,223,0.6954363268383665,0.3659305993690852,0.5548394777570538,0.282994923857868,0.3135600619072185,False,0.8677407833644191,2000,11,11,11,223,0.5548394777570538,0.3135600619072185,True,True
Albania,44,seed44_20261005T171222Z_cfa901b0,0.8703559665066074,0.8357944284612719,0.9039182836090921,0.2708025444965623,0.21285609731581429,0.32786357966449575,0.0,True,0.4810503918739213,0.5266409266409267,0.5537974683544303,0.282994923857868,0.9752434167304255,0.10488745022381807,-0.02715654171350368,True,297,21,1.1683501683501682,347,223,0.7130838525338308,0.3615720524017467,0.5548394777570538,0.282994923857868,0.3155164887495536,False,0.8711853644985913,2000,11,11,11,223,0.5548394777570538,0.3155164887495536,True,True
Grecia,42,seed42_20261005T051613Z_f74e9ec0,0.8186177199319382,0.7734514838232296,0.8573468517392905,0.19436508493325916,0.1321495646971805,0.2533664910163057,0.0,True,0.3664331949279313,0.6727748691099477,0.4967490247074122,0.30238393977415307,0.9925733680903275,0.17395564815838926,0.17602584440253544,True,416,32,0.6177884615384616,257,241,0.7867436341383326,0.37318255250403876,0.508298755186722,0.30238393977415307,0.31031896474521625,False,0.8192893817725903,2000,11,10,11,241,0.508298755186722,0.31031896474521625,True,True
Grecia,43,seed43_20261005T153339Z_e1fe2c49,0.8286889160870472,0.785702655469939,0.8714113045730574,0.18645272297555315,0.12889468589668962,0.2422957213620578,0.0,True,0.351952042718251,0.5997666277712952,0.4888366627497062,0.30238393977415307,0.9881848789602606,0.15949596287321344,0.11092996502158897,True,364,36,0.7060439560439561,257,241,0.8405549419385653,0.4096802074330164,0.508298755186722,0.30238393977415307,0.32039016090032524,False,0.8274836562285441,2000,11,10,11,241,0.508298755186722,0.32039016090032524,True,True
Grecia,44,seed44_20261005T171553Z_44dfbfc2,0.8592308725633602,0.8229508857624683,0.8933670454629596,0.25132256552085447,0.191449173026344,0.3025584004961135,0.0,True,0.37222454899405893,0.6623711340206185,0.5537065052950075,0.30238393977415307,0.9925051136245743,0.1332742410612141,0.108664628725611,True,404,27,0.6361386138613861,257,241,0.7200774649989552,0.32983927323549966,0.508298755186722,0.30238393977415307,0.3509321173766382,False,0.8607756947968597,2000,11,10,11,241,0.508298755186722,0.3509321173766382,True,True
Turquia,42,seed42_20261005T051613Z_96e09a66,0.8329614358476838,0.7949273021771566,0.8645577653740245,0.25263797677773403,0.19548110857628173,0.2998142002671636,0.0,True,0.47730957737080504,0.6826826826826827,0.4816955684007707,0.22905759162303665,0.9908354647981403,0.15787402895045655,0.20098711428191202,True,543,42,0.6279926335174953,341,175,0.6974775648799417,0.2874743326488706,0.617099199611933,0.22905759162303665,0.21586223623575074,False,0.8338976473441669,2000,11,11,11,175,0.617099199611933,0.21586223623575074,True,True
Turquia,43,seed43_20261005T155108Z_cbfd0988,0.8362114964831433,0.8040256731946727,0.8650335795871813,0.23394051084375653,0.18242054602145527,0.2857349156737625,0.0,True,0.40785008469791073,0.6019417475728155,0.4629981024667932,0.22905759162303665,0.984241180483084,0.14802968399994065,0.1389436451060223,True,487,35,0.7002053388090349,341,175,0.7066941547416928,0.2660098522167488,0.617099199611933,0.22905759162303665,0.21911229687121025,False,0.8362551540140674,2000,11,11,11,175,0.617099199611933,0.21911229687121025,True,True
Turquia,44,seed44_20261005T173414Z_918f5131,0.8085132185301964,0.758652499976998,0.855067895559022,0.19977123720579218,0.14908784642309983,0.25218891896845375,0.0,True,0.44475801975801976,0.5992970123022847,0.42882882882882883,0.22905759162303665,0.9830759889760724,0.17456277044587598,0.17046818347345588,True,430,33,0.7930232558139535,341,175,0.6155372301722046,0.24100156494522693,0.617099199611933,0.22905759162303665,0.19141401891826337,False,0.8083046325491147,2000,11,11,11,175,0.617099199611933,0.19141401891826337,True,True
Siria,42,seed42_20261005T141636Z_f9992626,0.782493139644221,0.6943000567296479,0.8487194061196032,0.1318681318681319,0.06808379424362286,0.20497018736781336,0.0,True,0.32870340858011826,0.5367581930912312,0.24615384615384617,0.11428571428571428,0.9789757225112216,0.1964825828670006,0.290604346937385,True,473,42,0.6448202959830867,305,82,0.7719387461380515,0.21533442088091354,0.5746675366045557,0.11428571428571428,0.20782560303966524,False,0.7801136036537392,2000,11,10,11,82,0.5746675366045557,0.20782560303966524,True,True
Siria,43,seed43_20261005T155409Z_58256d73,0.776198883153269,0.6718593050238147,0.8647836416658697,0.16378915202444616,0.0650524656385698,0.27077975145980426,0.0,True,0.36030113722833584,0.45384615384615384,0.27807486631016043,0.11428571428571428,0.9674085946293988,0.19120971147612975,0.17577128753599341,True,321,25,0.9501557632398754,305,82,0.6276314021991518,0.13863636363636364,0.5746675366045557,0.11428571428571428,0.2015313465487133,False,0.7792596572700581,2000,11,10,11,82,0.5746675366045557,0.2015313465487133,True,True
Siria,44,seed44_20261005T173854Z_07f64ae1,0.7984590585480992,0.7047202932610919,0.8821437397118068,0.13954360737730542,0.06628348180149637,0.22640636981370646,0.0,True,0.32175387014176393,0.4217207334273625,0.2538293216630197,0.11428571428571428,0.9585133338583188,0.16005427531021965,0.1678914117643428,True,316,24,0.9651898734177216,305,82,0.6995643913952908,0.15219976218787157,0.5746675366045557,0.11428571428571428,0.22379152194354346,False,0.7995528775114659,2000,11,10,11,82,0.5746675366045557,0.22379152194354346,True,True
Egipto,42,seed42_20261005T141826Z_8f96b636,0.7707404949274674,0.6684654237001607,0.8565062721334273,0.1399650255582459,-0.02622637509717012,0.2859036316828164,0.046,False,0.3997860962566845,0.5554474708171206,0.3502824858757062,0.21031746031746032,0.9520160192385079,0.18127552431104044,0.20516498494141444,True,330,26,1.8575757575757577,613,159,0.6271662294702022,0.22282608695652173,0.28812827238919964,0.0,0.4826122225382678,False,0.7690865227605533,2000,11,8,11,159,0.7118717276108004,0.058868767316667014,True,True
Egipto,43,seed43_20261005T155919Z_62c6df75,0.7605111511435585,0.6714836808049901,0.8757547965954021,0.1811198485510412,0.016250604824773623,0.3424297464046682,0.0135,True,0.4753797332399328,0.5756972111553785,0.39143730886850153,0.21031746031746032,0.95798925785721,0.1974781067136515,0.184259902286877,True,355,32,1.7267605633802816,613,159,0.592079896337031,0.2079207920792079,0.28812827238919964,0.0,0.47238287875435886,False,0.7598263855967468,2000,11,8,11,159,0.7118717276108004,0.048639423532758075,True,True
Egipto,44,seed44_20261005T173913Z_05c436af,0.7952024272304921,0.6986853850688701,0.8923880438274894,0.2492294652488827,0.08654248261042947,0.3940208862736419,0.001,True,0.4262151851192948,0.5666337611056268,0.459546925566343,0.21031746031746032,0.9524003556617936,0.15719792843130154,0.10708683553928378,True,325,25,1.886153846153846,613,159,0.6866144137880177,0.28125,0.28812827238919964,0.0,0.5070741548412925,False,0.7926477249981564,2000,11,8,11,159,0.7118717276108004,0.08333069961969164,True,True
Libia,42,seed42_20261005T143537Z_b72f7b64,0.9203626359055954,0.8789491096125975,0.9429927669012033,0.323335279857019,0.22187164941613588,0.39065021634888386,0.0,True,0.5152663962037055,0.5055467511885895,0.45584045584045585,0.13250517598343686,0.9744211392791094,0.05405850337351403,0.049706295348133644,False,232,19,1.4396551724137931,334,96,0.759728851763458,0.2272,0.6786992840095465,0.13250517598343686,0.24166335189604893,False,0.9207935560859188,2000,11,10,11,96,0.6786992840095465,0.24166335189604893,True,True
Libia,43,seed43_20261005T161850Z_254c2d98,0.909672500662954,0.8717178294215591,0.9379180687045159,0.38416149068322986,0.2837815043707278,0.45950453178106804,0.0,True,0.5122218484670675,0.6373205741626794,0.5166666666666667,0.13250517598343686,0.9862676406302163,0.0765951399672623,0.12065390749601268,True,376,33,0.8882978723404256,334,96,0.779029103686025,0.2687224669603524,0.6786992840095465,0.13250517598343686,0.23097321665340753,False,0.9103437417130734,2000,11,10,11,96,0.6786992840095465,0.23097321665340753,True,True
Libia,44,seed44_20261005T180255Z_dfedec91,0.8839250198886237,0.8138193758396822,0.9232221425087911,0.3031383883729988,0.17549079735797057,0.3897675395255537,0.0,True,0.46837325060545665,0.5704407951598963,0.43564356435643564,0.13250517598343686,0.9808237122010767,0.09689869231245296,0.13479723080346068,True,342,25,0.9766081871345029,334,96,0.749527645186953,0.22044728434504793,0.6786992840095465,0.13250517598343686,0.20522573587907722,False,0.8833035003977725,2000,11,10,11,96,0.6786992840095465,0.20522573587907722,True,True
Tunez,42,seed42_20261005T144427Z_161ca85f,0.7432355373079006,0.6477835221659742,0.8167806758140029,0.08933090356423516,0.016554738115285583,0.1540174866821849,0.0045090180360721445,True,0.31259346850203107,0.5149911816578483,0.16608996539792387,0.0767590618336887,0.9906028949405736,0.24736735763267304,0.34890121625992443,True,307,27,0.4755700325732899,146,54,0.493527784905768,0.07238883143743537,0.7353804921164429,0.0767590618336887,0.007855045191457743,False,0.7413822598580104,2000,11,5,11,54,0.7353804921164429,0.007855045191457743,True,False
Tunez,43,seed43_20261005T162120Z_f3a24601,0.6982294072363355,0.5702787796369656,0.7801195850692495,0.08670247662784976,0.0045012584026165444,0.18961213711505642,0.019539078156312624,True,0.3334942546356624,0.6279569892473118,0.16346153846153846,0.0767590618336887,0.9952621706186435,0.297032763382308,0.46449545078577337,True,380,28,0.38421052631578945,146,54,0.6682918484304164,0.09239653512993262,0.7353804921164429,0.0767590618336887,-0.03715108488010732,False,0.6939098451800529,2000,11,5,11,54,0.7353804921164429,-0.03715108488010732,False,False
Tunez,44,seed44_20261005T180315Z_25f1b31e,0.7578051492601146,0.611241562002865,0.8326650082199711,0.08706346376358091,0.026187319444504142,0.14949445312620235,0.0,True,0.287795194659494,0.494077834179357,0.16382252559726962,0.0767590618336887,0.988753570407779,0.23094842114766445,0.3302553085820874,True,255,26,0.5725490196078431,146,54,0.5377070681150743,0.07480314960629922,0.7353804921164429,0.0767590618336887,0.0224246571436717,False,0.7567359507313318,2000,11,5,11,54,0.7353804921164429,0.0224246571436717,True,True
Argelia,42,seed42_20261005T144818Z_d2d755aa,0.62793686619332,0.5330615154182585,0.7144094106203348,0.03650064174222664,-0.011098411392546274,0.08223206721581468,0.072,False,0.264198035378535,0.3504482477587612,0.17670682730923695,0.1402061855670103,0.9591099701018586,0.3311731039085386,0.17374142044952426,True,390,37,0.558974358974359,218,102,0.5926631244024388,0.15982721382289417,0.6092302628485446,0.1402061855670103,0.018706603344775363,False,0.6271845268882932,2000,11,9,11,102,0.6092302628485446,0.018706603344775363,True,False
Argelia,43,seed43_20261005T162730Z_79bfbad6,0.6578737010391686,0.5929793104756202,0.7368383492457523,0.05310236461886331,0.016366158552868656,0.08986604247970045,0.0,True,0.27719125713352327,0.40977443609022557,0.19330855018587362,0.1402061855670103,0.9717837090341043,0.3139100079949356,0.21646588590435195,True,445,34,0.4898876404494382,218,102,0.5745756336107585,0.16129032258064516,0.6092302628485446,0.1402061855670103,0.048643438190624,False,0.6570273193210139,2000,11,9,11,102,0.6092302628485446,0.048643438190624,True,True
Argelia,44,seed44_20261005T180505Z_b193e986,0.5091377878089686,0.35234342770826127,0.6646098903680773,0.011006367927996835,-0.05179466568249379,0.06405142146605598,0.3635,False,0.2083438573169381,0.34340222575516693,0.15121255349500715,0.1402061855670103,0.9553589377516853,0.4462211499427168,0.1921896722601598,True,519,35,0.42003853564547206,218,102,0.5153524239431984,0.14310344827586208,0.6092302628485446,0.1402061855670103,-0.10009247503957608,False,0.5119355495995361,2000,11,9,11,102,0.6092302628485446,-0.10009247503957608,False,False
