site,n_seeds,seeds,test_auc_mean,test_auc_sd,test_auc_min,test_auc_max,f1_gain_mean,f1_gain_sd,f1_gain_min,f1_gain_max,cv_f1_mean,cv_f1_sd,cv_f1_min,cv_f1_max,train_f1_mean,train_f1_sd,train_f1_min,train_f1_max,test_f1_mean,test_f1_sd,test_f1_min,test_f1_max,train_auc_mean,train_auc_sd,train_auc_min,train_auc_max,auc_gap_train_minus_test_mean,auc_gap_train_minus_test_sd,auc_gap_train_minus_test_min,auc_gap_train_minus_test_max,test_auc_minus_trend_only_mean,test_auc_minus_trend_only_sd,test_auc_minus_trend_only_min,test_auc_minus_trend_only_max,test_auc_minus_trend_best_sign_mean,test_auc_minus_trend_best_sign_sd,test_auc_minus_trend_best_sign_min,test_auc_minus_trend_best_sign_max,events_per_column_mean,events_per_column_sd,events_per_column_min,events_per_column_max,always_yes_test_f1,trend_only_test_auc,trend_only_test_auc_best_sign,trend_only_auc_below_0.5,any_seed_not_clearly_above_trend,n_seeds_gain_ci_excludes_0,any_seed_gain_ci_includes_0,n_seeds_overfitting,n_seeds_beat_trend_only,n_seeds_beat_trend_only_by_gt_0.02,n_hw_years_test,n_test_years,n_seeds_test_auc_ci_lo_gt_0.5
Murcia,3,42 43 44,0.6526825586514876,0.048011855723252755,0.6200956034970754,0.7078181017674068,0.032139841005221846,0.05495963558500999,-0.017839981735256805,0.09099824116312111,0.25879151822440466,0.010952478160673759,0.24770965468639888,0.26960985496685796,0.5031056444259151,0.11629846411549635,0.380499405469679,0.6118546845124283,0.20746013770110858,0.05495963558500999,0.15748031496062992,0.26631853785900783,0.988258572153768,0.00943448718951206,0.9776625017305829,0.9957479579122249,0.3355760135022805,0.05699544195457189,0.2698443999631761,0.37126965332142103,0.08591106358890506,0.048011855723252755,0.05332410843449287,0.14104660670482427,0.08591106358890506,0.048011855723252755,0.05332410843449287,0.14104660670482427,0.3231060018822925,0.06320101210411157,0.2702702702702703,0.3931203931203931,0.17532029669588672,0.5667714950625825,0.5667714950625825,False,False,1,True,3,3,3,11,11,3
Monaco,3,42 43 44,0.8638067707479968,0.02191943696532991,0.8405542681927768,0.8840905367132459,0.24980922113574286,0.03294003361266264,0.22381865379001273,0.28685473601723965,0.43620488933884616,0.046918576160921266,0.3833975524612011,0.4730914804563089,0.5512096608196678,0.05451082319612011,0.49884881043745205,0.6076421248835042,0.43856424121606413,0.03294003361266266,0.412573673870334,0.47560975609756095,0.9781126863572918,0.007045216706825116,0.9709091739537722,0.9849881461551919,0.114305915609295,0.0204853594739796,0.10089760944194603,0.1378864707701345,0.3183628646552598,0.02191943696532991,0.2951103621000398,0.3386466306205089,0.3183628646552598,0.02191943696532991,0.2951103621000398,0.3386466306205089,0.9276876049090315,0.08711016771633831,0.8567708333333334,1.0249221183800623,0.18875502008032127,0.545443906092737,0.545443906092737,False,False,3,False,3,3,3,10,11,3
Cerdenia,3,42 43 44,0.799062521681992,0.03447541298513676,0.7593635595606871,0.8214709879641988,0.19840312389272344,0.05502441835733849,0.13495759813320024,0.23307301442270062,0.37496835076599605,0.028409235430739647,0.3423898554030641,0.39458414134884723,0.6647604779238138,0.060349912739826685,0.5960419091967404,0.7091412742382271,0.3786317721778613,0.055024418357338484,0.3151862464183381,0.41330166270783847,0.9928903363383378,0.003259855665928751,0.9891653220148731,0.9952217360039287,0.19382781465634571,0.03602314001616146,0.16769433405067424,0.23492039143552446,0.23586538186834502,0.03447541298513676,0.19616641974704008,0.25827384815055177,0.23586538186834502,0.03447541298513676,0.19616641974704008,0.25827384815055177,0.6291752725180636,0.09487743775515287,0.5300207039337475,0.7191011235955056,0.18022864828513785,0.563197139813647,0.563197139813647,False,False,3,False,3,3,3,10,11,3
Croacia,3,42 43 44,0.8505610931952181,0.010579536021779821,0.8383457115866967,0.856790937815564,0.25217003982249286,0.02600221309627569,0.22771417245721215,0.27948266771691554,0.47253726851777106,0.005833155478237082,0.4658885349207062,0.47679515499993796,0.567454183663262,0.04017400986488972,0.5398058252427185,0.6135371179039302,0.5275046478530856,0.02600221309627569,0.5030487804878049,0.5548172757475083,0.9836565510592475,0.003109159115490497,0.9817764731703064,0.9872453351319012,0.1330954578640294,0.009536915018154115,0.12498553535474233,0.1436021332888383,0.34400550506531163,0.010579536021779821,0.33179012345679015,0.3502353496856575,0.34400550506531163,0.010579536021779821,0.33179012345679015,0.3502353496856575,0.9562718610174225,0.02637748387224744,0.9273927392739274,0.9790940766550522,0.27533460803059273,0.5065555881299065,0.5065555881299065,False,False,3,False,3,3,3,11,11,3
Albania,3,42 43 44,0.8713745254441313,0.0035941899024196484,0.8683995396642723,0.8753680701615143,0.2688769595330027,0.0200694022852928,0.24791416705122288,0.2879141670512229,0.4782775719663534,0.0028406508363482785,0.4753736312899175,0.4810503918739213,0.5598325251504442,0.030999318206814723,0.5266409266409267,0.588034188034188,0.5518718833908708,0.0200694022852928,0.5309090909090909,0.5709090909090909,0.979904774075306,0.0041384426938317,0.9752434167304255,0.9831467807389908,0.10853024863117455,0.005410519855599079,0.10488745022381807,0.11474724107471845,0.3165350476870776,0.0035941899024196484,0.3135600619072185,0.3205285924044605,0.3165350476870776,0.0035941899024196484,0.3135600619072185,0.3205285924044605,1.097608908530791,0.08134710172566254,1.0087209302325582,1.1683501683501682,0.282994923857868,0.5548394777570538,0.5548394777570538,False,False,3,False,3,3,3,11,11,3
Grecia,3,42 43 44,0.8355125028607819,0.021148949004851494,0.8186177199319382,0.8592308725633602,0.21071345780988893,0.035390338932370216,0.18645272297555315,0.25132256552085447,0.3635365955467471,0.01044204690934569,0.351952042718251,0.37222454899405893,0.644970876967287,0.039492119909954666,0.5997666277712952,0.6727748691099477,0.5130973975840419,0.035390338932370216,0.4888366627497062,0.5537065052950075,0.9910877868917208,0.0025142236399979504,0.9881848789602606,0.9925733680903275,0.15557528403093893,0.020622148597799345,0.1332742410612141,0.17395564815838926,0.3272137476740599,0.021148949004851494,0.31031896474521625,0.3509321173766382,0.3272137476740599,0.021148949004851494,0.31031896474521625,0.3509321173766382,0.6533236771479346,0.046569870922350105,0.6177884615384616,0.7060439560439561,0.30238393977415307,0.508298755186722,0.508298755186722,False,False,3,False,3,3,3,10,11,3
Turquia,3,42 43 44,0.8258953836203412,0.015140854366558248,0.8085132185301964,0.8362114964831433,0.22878324160909425,0.026808041847754868,0.19977123720579218,0.25263797677773403,0.4433058939422452,0.0347525075733046,0.40785008469791073,0.47730957737080504,0.6279738141859277,0.04739772014885556,0.5992970123022847,0.6826826826826827,0.45784083323213093,0.026808041847754878,0.42882882882882883,0.4816955684007707,0.9860508780857655,0.004184330330910534,0.9830759889760724,0.9908354647981403,0.1601554944654244,0.013412866314060537,0.14802968399994065,0.17456277044587598,0.20879618400840813,0.015140854366558248,0.19141401891826337,0.21911229687121025,0.20879618400840813,0.015140854366558248,0.19141401891826337,0.21911229687121025,0.7070737427134945,0.08272942525507569,0.6279926335174953,0.7930232558139535,0.22905759162303665,0.617099199611933,0.617099199611933,False,False,3,False,3,3,3,11,11,3
Siria,3,42 43 44,0.7857170271151963,0.011474926578034597,0.776198883153269,0.7984590585480992,0.14506696375662784,0.016661887084742425,0.1318681318681319,0.16378915202444616,0.33691947198340605,0.020545090005789968,0.32175387014176393,0.36030113722833584,0.4707750267882492,0.05935776558965355,0.4217207334273625,0.5367581930912312,0.2593526780423421,0.01666188708474243,0.24615384615384617,0.27807486631016043,0.9682992169996464,0.010260226288947029,0.9585133338583188,0.9789757225112216,0.18258218988445,0.019687076839237237,0.16005427531021965,0.1964825828670006,0.21104949051064067,0.011474926578034596,0.2015313465487133,0.22379152194354346,0.21104949051064067,0.011474926578034596,0.2015313465487133,0.22379152194354346,0.8533886442135611,0.18078183821916757,0.6448202959830867,0.9651898734177216,0.11428571428571428,0.5746675366045557,0.5746675366045557,False,False,3,False,3,3,3,10,11,3
Egipto,3,42 43 44,0.7754846911005059,0.017825591354318864,0.7605111511435585,0.7952024272304921,0.19010477978605658,0.05518356809051648,0.1399650255582459,0.2492294652488827,0.4337936715386374,0.038362411034695176,0.3997860962566845,0.4753797332399328,0.5659261476927088,0.010143398518165564,0.5554474708171206,0.5756972111553785,0.4004222401035169,0.05518356809051648,0.3502824858757062,0.459546925566343,0.9541352109191705,0.0033432300208069508,0.9520160192385079,0.95798925785721,0.1786505198186645,0.020267984040185646,0.15719792843130154,0.1974781067136515,0.48735641871130636,0.017825591354318895,0.47238287875435886,0.5070741548412925,0.06361296348970558,0.017825591354318864,0.048639423532758075,0.08333069961969164,1.8234967223699616,0.08498582310451418,1.7267605633802816,1.886153846153846,0.21031746031746032,0.28812827238919964,0.7118717276108004,True,False,2,True,3,3,3,8,11,3
Libia,3,42 43 44,0.9046533854857244,0.018730152245024355,0.8839250198886237,0.9203626359055954,0.33687838630441586,0.04217520096191227,0.3031383883729988,0.38416149068322986,0.49862049842540984,0.026239079980849494,0.46837325060545665,0.5152663962037055,0.571102706837055,0.0658894050709442,0.5055467511885895,0.6373205741626794,0.4693835622878528,0.04217520096191227,0.43564356435643564,0.5166666666666667,0.9805041640368009,0.005929711783671556,0.9744211392791094,0.9862676406302163,0.07585077855107643,0.021429792404954042,0.05405850337351403,0.09689869231245296,0.2259541014761779,0.018730152245024355,0.20522573587907722,0.24166335189604893,0.2259541014761779,0.018730152245024355,0.20522573587907722,0.24166335189604893,1.101520410629574,0.29614357289988635,0.8882978723404256,1.4396551724137931,0.13250517598343686,0.6786992840095465,0.6786992840095465,False,False,3,False,2,3,3,10,11,3
Tunez,3,42 43 44,0.7330900312681168,0.03105665353870943,0.6982294072363355,0.7578051492601146,0.08769894798522195,0.001424793734877129,0.08670247662784976,0.08933090356423516,0.3112943059323958,0.02287721329649036,0.287795194659494,0.3334942546356624,0.5456753350281723,0.07202114266982682,0.494077834179357,0.6279569892473118,0.16445800981891065,0.001424793734877129,0.16346153846153846,0.16608996539792387,0.991539545322332,0.0033538715880982355,0.988753570407779,0.9952621706186435,0.2584495140542152,0.03440778567940719,0.23094842114766445,0.297032763382308,-0.002290460848325959,0.031056653538709435,-0.03715108488010732,0.0224246571436717,-0.002290460848325959,0.031056653538709435,-0.03715108488010732,0.0224246571436717,0.4774431928323075,0.09418321804279788,0.38421052631578945,0.5725490196078431,0.0767590618336887,0.7353804921164429,0.7353804921164429,False,True,3,False,3,2,1,5,11,3
Argelia,3,42 43 44,0.5983161183471525,0.0786678746270044,0.5091377878089686,0.6578737010391686,0.033536458096362264,0.0212039624330965,0.011006367927996835,0.05310236461886331,0.24991104994299876,0.03657977009226002,0.2083438573169381,0.27719125713352327,0.36787496986805124,0.03645662571873773,0.34340222575516693,0.40977443609022557,0.17374264366337258,0.0212039624330965,0.15121255349500715,0.19330855018587362,0.9620842056292161,0.008606848183225371,0.9553589377516853,0.9717837090341043,0.36376808728206367,0.07192624191991233,0.3139100079949356,0.4462211499427168,-0.010914144501392239,0.0786678746270044,-0.10009247503957608,0.048643438190624,-0.010914144501392239,0.0786678746270044,-0.10009247503957608,0.048643438190624,0.4896335116897564,0.0694682602854627,0.42003853564547206,0.558974358974359,0.1402061855670103,0.6092302628485446,0.6092302628485446,False,True,1,True,3,2,1,9,11,2
